ID,Name,Role,Transcript,Resume,decision,Reason_for_decision,Job_Description
jasojo159,Jason Jones,E-commerce Specialist,"Interviewer: Good morning, Jason. It's great to meet you. Welcome to the interview for the E-commerce Specialist role at our company.

Jason Jones: Good morning. Thank you for having me. It's a pleasure to be here.

Interviewer: Before we begin, I want to let you know that this interview will cover various aspects of the role, including customer service, product listing, and other relevant topics. Can you start by telling me a little bit about your background and how you think your skills and experience make you a strong fit for this position?

Jason Jones: Uh, sure. I have about 3 years of experience in e-commerce, working with online marketplaces like Amazon and eBay. My most recent role was as a customer service representative for an online retailer, where I handled customer inquiries, resolved issues, and provided product recommendations. I've also worked on product listing and optimization, which I think is a key part of this role. I'm confident in my ability to understand customer needs and provide excellent service.

Interviewer: Great. Let's dive into customer service. Can you give me an example of a particularly challenging customer issue you had to resolve, and how you handled it?

Jason Jones: Ah, yeah. One time, a customer was upset because we didn't have their preferred shipping option available. They were really frustrated, and I had to listen to them vent for a while. I empathized with their situation, apologized for the inconvenience, and offered a solution â€“ I upgraded their shipping to the next available option, which they accepted. I also provided a discount code for their next purchase, which seemed to go a long way in turning their experience around. I think it's all about listening, being understanding, and finding a solution that works for the customer.

Interviewer: That's an excellent example. Now, let's talk about product listing. Can you walk me through your process for creating a compelling and accurate product listing?

Jason Jones: Uh, sure. When creating a product listing, I focus on providing detailed product information, such as high-quality images, accurate product descriptions, and relevant keywords. I also make sure to include customer reviews and ratings to build credibility and trust. My goal is to make it easy for customers to find what they're looking for and make informed purchasing decisions. I believe in keeping listings up-to-date and accurate, so customers always know what to expect.

Interviewer: Great. How do you stay up-to-date with changes in e-commerce trends and best practices?

Jason Jones: I regularly follow industry blogs and websites, such as Ecommerce Magazine and Shopify, to stay informed about the latest trends and best practices. I also participate in online forums and communities, like Reddit's r/ecommerce, to learn from others and share my own knowledge. I think it's essential to stay curious and keep learning in this field, as e-commerce is constantly evolving.

Interviewer: Excellent. Finally, can you tell me why you're interested in this role and our company?

Jason Jones: Absolutely. I'm drawn to this role because it combines my passion for e-commerce with my skills in customer service and product listing. I'm impressed by your company's commitment to customer satisfaction and its innovative approach to e-commerce. I'd love the opportunity to contribute my expertise and help drive growth and success.

Interviewer: Thank you, Jason, for sharing your insights and experiences with me today. We'll be in touch soon to let you know about next steps.

Jason Jones: Thank you for the opportunity to interview. I appreciate your time, and I look forward to hearing from you.

Interviewer: You're welcome. It was great talking to you, Jason. Have a great day.","Here's a professional resume for Jason Jones:

Jason Jones
E-commerce Specialist

Contact Information:

* Email: [jasonjones@email.com](mailto:jasonjones@email.com)
* Phone: 555-123-4567
* LinkedIn: linkedin.com/in/jasonjones

Summary:
Results-driven E-commerce Specialist with 5+ years of experience in inventory management, SEO, online advertising, and analytics. Proven track record of increasing online sales, improving website traffic, and optimizing inventory levels. Skilled in analyzing complex data sets, identifying trends, and making data-driven decisions. Passionate about staying up-to-date with the latest e-commerce trends and technologies.

Professional Experience:

E-commerce Specialist, XYZ Corporation (2018-Present)

* Managed inventory levels across multiple channels, resulting in a 25% reduction in stockouts and a 15% reduction in overstocking
* Developed and implemented SEO strategies that increased website traffic by 30% and improved search engine rankings by 20%
* Created and executed online advertising campaigns that generated a 50% increase in sales and a 20% increase in conversion rates
* Analyzed website analytics to identify trends, optimize user experience, and improve customer engagement
* Collaborated with cross-functional teams to launch new product lines, promotions, and marketing campaigns

E-commerce Coordinator, ABC Retail (2015-2018)

* Assisted in managing inventory levels, processing orders, and resolving customer inquiries
* Conducted keyword research and optimized product descriptions to improve search engine rankings
* Assisted in creating and executing online advertising campaigns, resulting in a 20% increase in sales
* Analyzed website analytics to identify trends and areas for improvement

Education:

* Bachelor's Degree in Business Administration, [University Name] (2015)

Skills:

* Inventory Management
* SEO for E-commerce
* Online Advertising (Google Ads, Facebook Ads)
* Analytics (Google Analytics, Excel)
* Data Analysis
* E-commerce Platforms (Shopify, WooCommerce)
* Customer Service

Achievements:

* Winner of the XYZ Corporation's ""Innovator of the Year"" award for developing and implementing a data-driven approach to inventory management
* Featured speaker at the ""E-commerce Summit"" conference, presenting on ""Optimizing Inventory Levels for E-commerce Success""
* Developed and implemented a social media strategy that increased followers by 500% and engagement by 200%

Certifications:

* Google Analytics Certification
* HubSpot Inbound Marketing Certification
* Shopify Plus Certification

References:
Available upon request.",reject,Lacked leadership skills for a senior position.,"Be part of a passionate team at the forefront of machine learning as a E-commerce Specialist, delivering solutions that shape the future."
annma759,Ann Marshall,Game Developer,"Interview Scene

A conference room with a table and two chairs. Ann Marshall, dressed professionally, sits across from the Interviewer, a middle-aged man with a friendly demeanor.

Interviewer: Good morning, Ann. Thank you for coming in today. Can you start by telling me a little bit about yourself and why you're interested in the Game Developer position?

Ann Marshall: Uh, good morning. Thank you for having me. I have a background in computer science and game development. I'm excited about this role because I love creating immersive experiences for players. I've worked on several projects in my free time, including a 3D modeling course I completed recently. (pauses) I'm confident in my skills, and I'm looking for a challenging position where I can grow and learn.

Interviewer: That's great. Can you walk me through your experience with 3D modeling software like Blender or Maya? How do you approach modeling a character or environment?

Ann Marshall: Absolutely. (pauses) I've worked with both Blender and Maya, and I have to say, I really enjoy the versatility of Blender. In my recent course, we created a detailed 3D model of a fantasy creature. I started by blocking out the overall shape, using reference images to ensure it looked realistic. Then, I moved on to refining the details, like the texture and the material properties. (pauses) For environments, I like to break it down into smaller sections, focusing on the overall structure and then adding finer details.

Interviewer: That's a great approach. One of the major projects we're working on involves creating a large, open-world environment. How would you handle a project of that scale, and what techniques would you use to ensure it runs smoothly?
